<?xml version="1.0" encoding="UTF-8"?>
<project-private xmlns="http://www.netbeans.org/ns/project-private/1">
    <editor-bookmarks xmlns="http://www.netbeans.org/ns/editor-bookmarks/2" lastBookmarkId="0"/>
    <open-files xmlns="http://www.netbeans.org/ns/projectui-open-files/2">
        <group>
            <file>file:/C:/Users/DELL/Documents/NetBeansProjects/dziedziczenia/src/dziedziczenia/Dziedziczenia.java</file>
            <file>file:/C:/Users/DELL/Documents/NetBeansProjects/dziedziczenia/src/dziedziczenia/potwory/Potwor.java</file>
            <file>file:/C:/Users/DELL/Documents/NetBeansProjects/dziedziczenia/src/dziedziczenia/potwory/Szkielet.java</file>
            <file>file:/C:/Users/DELL/Documents/NetBeansProjects/dziedziczenia/src/dziedziczenia/potwory/Zombie.java</file>
        </group>
    </open-files>
</project-private>
